{"v":"5.11.0","fr":25,"ip":0,"op":132,"w":140,"h":140,"nm":"MAKET","ddd":0,"assets":[{"id":"image_0","w":73,"h":74,"u":"images/","p":"123213_00027.png","e":0},{"id":"image_1","w":974,"h":944,"u":"images/","p":"Group_2087326528__1_.png","e":0},{"id":"comp_0","nm":"▽ Group 9","fr":60,"layers":[{"ddd":0,"ind":1,"ty":4,"nm":"Vector","sr":1,"ks":{"o":{"a":0,"k":100,"ix":11},"r":{"a":0,"k":0,"ix":10},"p":{"a":0,"k":[19.567,22.379,0],"ix":2,"l":2},"a":{"a":0,"k":[0,0,0],"ix":1,"l":2},"s":{"a":0,"k":[-100,-100,100],"ix":6,"l":2}},"ao":0,"shapes":[{"ty":"gr","it":[{"ind":0,"ty":"sh","ix":1,"ks":{"a":0,"k":{"i":[[-6.816,-5.134],[-2.567,3.541],[6.816,5.046],[2.567,-3.541]],"o":[[6.816,5.134],[2.567,-3.541],[-6.816,-5.046],[-2.567,3.541]],"v":[[-6.677,5.26],[12.355,9.597],[2.706,-7.576],[-11.635,-8.373]],"c":true},"ix":2},"nm":"Path 1","mn":"ADBE Vector Shape - Group","hd":false},{"ty":"gf","o":{"a":0,"k":100,"ix":10},"r":1,"bm":0,"g":{"p":5,"k":{"a":0,"k":[0,0.541,0.902,0.541,0.255,0.471,0.853,0.482,0.51,0.4,0.804,0.424,0.755,0.324,0.753,0.359,1,0.247,0.702,0.294],"ix":9}},"s":{"a":0,"k":[4.056,-5.093],"ix":5},"e":{"a":0,"k":[-3.457,6.988],"ix":6},"t":1,"nm":"Gradient Fill 14","mn":"ADBE Vector Graphic - G-Fill","hd":false},{"ty":"tr","p":{"a":0,"k":[0,0],"ix":2},"a":{"a":0,"k":[0,0],"ix":1},"s":{"a":0,"k":[100,100],"ix":3},"r":{"a":0,"k":-72.603,"ix":6},"o":{"a":0,"k":100,"ix":7},"sk":{"a":0,"k":0,"ix":4},"sa":{"a":0,"k":0,"ix":5},"nm":"Transform"}],"nm":"Vector","np":2,"cix":2,"bm":0,"ix":1,"mn":"ADBE Vector Group","hd":false}],"ip":0,"op":2250,"st":0,"ct":1,"bm":0},{"ddd":0,"ind":2,"ty":4,"nm":"Vector","sr":1,"ks":{"o":{"a":0,"k":100,"ix":11},"r":{"a":0,"k":0,"ix":10},"p":{"a":0,"k":[11.362,14.62,0],"ix":2,"l":2},"a":{"a":0,"k":[0,0,0],"ix":1,"l":2},"s":{"a":0,"k":[-100,-100,100],"ix":6,"l":2}},"ao":0,"shapes":[{"ty":"gr","it":[{"ind":0,"ty":"sh","ix":1,"ks":{"a":0,"k":{"i":[[-5.488,-2.567],[-1.239,2.921],[5.488,2.567],[1.239,-2.921]],"o":[[5.488,2.567],[1.239,-2.921],[-5.488,-2.567],[-1.239,2.921]],"v":[[-3.231,5.114],[8.985,4.494],[1.283,-5.509],[-8.808,-3.827]],"c":true},"ix":2},"nm":"Path 1","mn":"ADBE Vector Shape - Group","hd":false},{"ty":"gf","o":{"a":0,"k":100,"ix":10},"r":1,"bm":0,"g":{"p":5,"k":{"a":0,"k":[0,0.541,0.902,0.541,0.302,0.447,0.837,0.463,0.603,0.353,0.773,0.384,0.802,0.3,0.737,0.339,1,0.247,0.702,0.294],"ix":9}},"s":{"a":0,"k":[2.698,-4.082],"ix":5},"e":{"a":0,"k":[-2.823,5.173],"ix":6},"t":1,"nm":"Gradient Fill 15","mn":"ADBE Vector Graphic - G-Fill","hd":false},{"ty":"tr","p":{"a":0,"k":[0,0],"ix":2},"a":{"a":0,"k":[0,0],"ix":1},"s":{"a":0,"k":[100,100],"ix":3},"r":{"a":0,"k":-72.603,"ix":6},"o":{"a":0,"k":100,"ix":7},"sk":{"a":0,"k":0,"ix":4},"sa":{"a":0,"k":0,"ix":5},"nm":"Transform"}],"nm":"Vector","np":2,"cix":2,"bm":0,"ix":1,"mn":"ADBE Vector Group","hd":false}],"ip":0,"op":2250,"st":0,"ct":1,"bm":0},{"ddd":0,"ind":3,"ty":4,"nm":"Vector","sr":1,"ks":{"o":{"a":0,"k":100,"ix":11},"r":{"a":0,"k":0,"ix":10},"p":{"a":0,"k":[25.457,31.404,0],"ix":2,"l":2},"a":{"a":0,"k":[0,0,0],"ix":1,"l":2},"s":{"a":0,"k":[-100,-100,100],"ix":6,"l":2}},"ao":0,"shapes":[{"ty":"gr","it":[{"ind":0,"ty":"sh","ix":1,"ks":{"a":0,"k":{"i":[[-5.046,-5.488],[-2.833,2.567],[5.046,5.577],[2.833,-2.656]],"o":[[5.046,5.488],[2.833,-2.656],[-5.046,-5.577],[-2.833,2.656]],"v":[[-5.827,3.93],[8.514,9.241],[4.442,-5.454],[-7.863,-8.641]],"c":true},"ix":2},"nm":"Path 1","mn":"ADBE Vector Shape - Group","hd":false},{"ty":"gf","o":{"a":0,"k":100,"ix":10},"r":1,"bm":0,"g":{"p":5,"k":{"a":0,"k":[0,0.541,0.902,0.541,0.186,0.492,0.869,0.5,0.372,0.443,0.835,0.459,0.686,0.345,0.769,0.376,1,0.247,0.702,0.294],"ix":9}},"s":{"a":0,"k":[4.815,-5.558],"ix":5},"e":{"a":0,"k":[-4.603,6.62],"ix":6},"t":1,"nm":"Gradient Fill 16","mn":"ADBE Vector Graphic - G-Fill","hd":false},{"ty":"tr","p":{"a":0,"k":[0,0],"ix":2},"a":{"a":0,"k":[0,0],"ix":1},"s":{"a":0,"k":[100,100],"ix":3},"r":{"a":0,"k":-72.603,"ix":6},"o":{"a":0,"k":100,"ix":7},"sk":{"a":0,"k":0,"ix":4},"sa":{"a":0,"k":0,"ix":5},"nm":"Transform"}],"nm":"Vector","np":2,"cix":2,"bm":0,"ix":1,"mn":"ADBE Vector Group","hd":false}],"ip":0,"op":2250,"st":0,"ct":1,"bm":0}]},{"id":"comp_1","nm":"▽ Group 8","fr":60,"layers":[{"ddd":0,"ind":1,"ty":4,"nm":"Vector","sr":1,"ks":{"o":{"a":0,"k":100,"ix":11},"r":{"a":0,"k":0,"ix":10},"p":{"a":0,"k":[30.6,16.866,0],"ix":2,"l":2},"a":{"a":0,"k":[0,0,0],"ix":1,"l":2},"s":{"a":0,"k":[-100,-100,100],"ix":6,"l":2}},"ao":0,"shapes":[{"ty":"gr","it":[{"ind":0,"ty":"sh","ix":1,"ks":{"a":0,"k":{"i":[[-6.816,5.134],[-2.567,-3.541],[6.816,-5.134],[2.567,3.541]],"o":[[6.816,-5.134],[2.567,3.541],[-6.816,5.046],[-2.567,-3.541]],"v":[[-6.677,-5.26],[12.355,-9.597],[2.706,7.576],[-11.635,8.373]],"c":true},"ix":2},"nm":"Path 1","mn":"ADBE Vector Shape - Group","hd":false},{"ty":"gf","o":{"a":0,"k":100,"ix":10},"r":1,"bm":0,"g":{"p":7,"k":{"a":0,"k":[0,0.247,0.702,0.294,0.057,0.267,0.716,0.31,0.114,0.286,0.729,0.325,0.409,0.378,0.792,0.404,0.705,0.471,0.855,0.482,0.852,0.506,0.878,0.512,1,0.541,0.902,0.541],"ix":9}},"s":{"a":0,"k":[3.978,5.256],"ix":5},"e":{"a":0,"k":[-3.535,-6.825],"ix":6},"t":1,"nm":"Gradient Fill 11","mn":"ADBE Vector Graphic - G-Fill","hd":false},{"ty":"tr","p":{"a":0,"k":[0,0],"ix":2},"a":{"a":0,"k":[0,0],"ix":1},"s":{"a":0,"k":[100,100],"ix":3},"r":{"a":0,"k":-69.964,"ix":6},"o":{"a":0,"k":100,"ix":7},"sk":{"a":0,"k":0,"ix":4},"sa":{"a":0,"k":0,"ix":5},"nm":"Transform"}],"nm":"Vector","np":2,"cix":2,"bm":0,"ix":1,"mn":"ADBE Vector Group","hd":false}],"ip":0,"op":2250,"st":0,"ct":1,"bm":0},{"ddd":0,"ind":2,"ty":4,"nm":"Vector","sr":1,"ks":{"o":{"a":0,"k":100,"ix":11},"r":{"a":0,"k":0,"ix":10},"p":{"a":0,"k":[41.831,15.692,0],"ix":2,"l":2},"a":{"a":0,"k":[0,0,0],"ix":1,"l":2},"s":{"a":0,"k":[-100,-100,100],"ix":6,"l":2}},"ao":0,"shapes":[{"ty":"gr","it":[{"ind":0,"ty":"sh","ix":1,"ks":{"a":0,"k":{"i":[[-5.488,2.567],[-1.239,-2.921],[5.488,-2.567],[1.239,2.921]],"o":[[5.488,-2.567],[1.239,2.921],[-5.488,2.567],[-1.239,-2.921]],"v":[[-3.231,-5.114],[8.985,-4.494],[1.283,5.509],[-8.808,3.827]],"c":true},"ix":2},"nm":"Path 1","mn":"ADBE Vector Shape - Group","hd":false},{"ty":"gf","o":{"a":0,"k":100,"ix":10},"r":1,"bm":0,"g":{"p":9,"k":{"a":0,"k":[0,0.247,0.702,0.294,0.076,0.278,0.724,0.322,0.152,0.31,0.745,0.349,0.328,0.373,0.788,0.402,0.503,0.435,0.831,0.455,0.651,0.475,0.857,0.486,0.799,0.514,0.882,0.518,0.899,0.527,0.892,0.529,1,0.541,0.902,0.541],"ix":9}},"s":{"a":0,"k":[2.704,4.067],"ix":5},"e":{"a":0,"k":[-2.817,-5.189],"ix":6},"t":1,"nm":"Gradient Fill 12","mn":"ADBE Vector Graphic - G-Fill","hd":false},{"ty":"tr","p":{"a":0,"k":[0,0],"ix":2},"a":{"a":0,"k":[0,0],"ix":1},"s":{"a":0,"k":[100,100],"ix":3},"r":{"a":0,"k":-69.964,"ix":6},"o":{"a":0,"k":100,"ix":7},"sk":{"a":0,"k":0,"ix":4},"sa":{"a":0,"k":0,"ix":5},"nm":"Transform"}],"nm":"Vector","np":2,"cix":2,"bm":0,"ix":1,"mn":"ADBE Vector Group","hd":false}],"ip":0,"op":2250,"st":0,"ct":1,"bm":0},{"ddd":0,"ind":3,"ty":4,"nm":"Vector","sr":1,"ks":{"o":{"a":0,"k":100,"ix":11},"r":{"a":0,"k":0,"ix":10},"p":{"a":0,"k":[20.452,20.468,0],"ix":2,"l":2},"a":{"a":0,"k":[0,0,0],"ix":1,"l":2},"s":{"a":0,"k":[-100,-100,100],"ix":6,"l":2}},"ao":0,"shapes":[{"ty":"gr","it":[{"ind":0,"ty":"sh","ix":1,"ks":{"a":0,"k":{"i":[[-5.046,5.488],[-2.833,-2.567],[5.134,-5.488],[2.833,2.567]],"o":[[5.046,-5.488],[2.833,2.567],[-5.046,5.577],[-2.833,-2.656]],"v":[[-5.836,-3.91],[8.505,-9.222],[4.432,5.473],[-7.872,8.66]],"c":true},"ix":2},"nm":"Path 1","mn":"ADBE Vector Shape - Group","hd":false},{"ty":"gf","o":{"a":0,"k":100,"ix":10},"r":1,"bm":0,"g":{"p":5,"k":{"a":0,"k":[0,0.247,0.702,0.294,0.282,0.335,0.761,0.369,0.565,0.424,0.82,0.443,0.782,0.482,0.861,0.492,1,0.541,0.902,0.541],"ix":9}},"s":{"a":0,"k":[4.811,5.562],"ix":5},"e":{"a":0,"k":[-4.607,-6.616],"ix":6},"t":1,"nm":"Gradient Fill 13","mn":"ADBE Vector Graphic - G-Fill","hd":false},{"ty":"tr","p":{"a":0,"k":[0,0],"ix":2},"a":{"a":0,"k":[0,0],"ix":1},"s":{"a":0,"k":[100,100],"ix":3},"r":{"a":0,"k":-69.964,"ix":6},"o":{"a":0,"k":100,"ix":7},"sk":{"a":0,"k":0,"ix":4},"sa":{"a":0,"k":0,"ix":5},"nm":"Transform"}],"nm":"Vector","np":2,"cix":2,"bm":0,"ix":1,"mn":"ADBE Vector Group","hd":false}],"ip":0,"op":2250,"st":0,"ct":1,"bm":0}]},{"id":"comp_2","nm":"icon_","fr":60,"layers":[{"ddd":0,"ind":1,"ty":0,"nm":"▽ Group 1795","refId":"comp_3","sr":1,"ks":{"o":{"a":0,"k":100,"ix":11},"r":{"a":0,"k":0,"ix":10},"p":{"a":0,"k":[333.96,500.173,0],"ix":2,"l":2},"a":{"a":0,"k":[334.5,308,0],"ix":1,"l":2},"s":{"a":0,"k":[100,100,100],"ix":6,"l":2}},"ao":0,"w":669,"h":616,"ip":0,"op":2250,"st":0,"bm":0},{"ddd":0,"ind":2,"ty":0,"nm":"▽ Group 1794","refId":"comp_6","sr":1,"ks":{"o":{"a":0,"k":100,"ix":11},"r":{"a":0,"k":0,"ix":10},"p":{"a":0,"k":[333.96,500.173,0],"ix":2,"l":2},"a":{"a":0,"k":[334.5,308,0],"ix":1,"l":2},"s":{"a":0,"k":[100,100,100],"ix":6,"l":2}},"ao":0,"w":669,"h":616,"ip":0,"op":2250,"st":0,"ct":1,"bm":0},{"ddd":0,"ind":3,"ty":2,"nm":"Group 2087326528 (1).png","cl":"png","refId":"image_1","sr":1,"ks":{"o":{"a":0,"k":100,"ix":11},"r":{"a":0,"k":0,"ix":10},"p":{"a":0,"k":[363.5,507.5,0],"ix":2,"l":2},"a":{"a":0,"k":[487,472,0],"ix":1,"l":2},"s":{"a":0,"k":[48,48,100],"ix":6,"l":2}},"ao":0,"ip":0,"op":2250,"st":0,"bm":0}]},{"id":"comp_3","nm":"▽ Group 1795","fr":60,"layers":[{"ddd":0,"ind":1,"ty":0,"nm":"▽ Eye 2","refId":"comp_4","sr":1,"ks":{"o":{"a":0,"k":100,"ix":11},"r":{"a":0,"k":0,"ix":10},"p":{"a":0,"k":[259.577,217.188,0],"ix":2,"l":2},"a":{"a":0,"k":[43,36,0],"ix":1,"l":2},"s":{"a":0,"k":[100,100,100],"ix":6,"l":2}},"ao":0,"w":86,"h":72,"ip":0,"op":2250,"st":0,"ct":1,"bm":0},{"ddd":0,"ind":2,"ty":0,"nm":"▽ Eye","refId":"comp_5","sr":1,"ks":{"o":{"a":0,"k":100,"ix":11},"r":{"a":0,"k":0,"ix":10},"p":{"a":0,"k":[327.89,179.691,0],"ix":2,"l":2},"a":{"a":0,"k":[38,27.5,0],"ix":1,"l":2},"s":{"a":0,"k":[100,100,100],"ix":6,"l":2}},"ao":0,"w":76,"h":55,"ip":0,"op":2250,"st":0,"ct":1,"bm":0},{"ddd":0,"ind":3,"ty":4,"nm":"Vector","sr":1,"ks":{"o":{"a":0,"k":100,"ix":11},"r":{"a":0,"k":0,"ix":10},"p":{"a":0,"k":[395.962,360.524,0],"ix":2,"l":2},"a":{"a":0,"k":[0,0,0],"ix":1,"l":2},"s":{"a":0,"k":[100,100,100],"ix":6,"l":2}},"ao":0,"shapes":[{"ty":"gr","it":[{"ind":0,"ty":"sh","ix":1,"ks":{"a":0,"k":{"i":[[82.025,-25.417],[1.056,-22.682],[34.455,-11.564],[51.504,24.213],[-4.65,34.332],[-38.389,50.233]],"o":[[39.566,9.592],[-22.652,27.104],[-24.798,-43.487],[-34.574,-16.262],[113.022,47.342],[8.107,46.619]],"v":[[31.119,9.095],[127.238,102.188],[4.532,116.788],[-104.556,21.623],[-158.086,-50.654],[157.852,-116.788]],"c":true},"ix":2},"nm":"Path 1","mn":"ADBE Vector Shape - Group","hd":false},{"ty":"gf","o":{"a":0,"k":100,"ix":10},"r":1,"bm":0,"g":{"p":7,"k":{"a":0,"k":[0,0.247,0.702,0.294,0.057,0.267,0.716,0.31,0.114,0.286,0.729,0.325,0.409,0.378,0.792,0.404,0.705,0.471,0.855,0.482,0.852,0.506,0.878,0.512,1,0.541,0.902,0.541],"ix":9}},"s":{"a":0,"k":[-158.67,-0.04],"ix":5},"e":{"a":0,"k":[127.553,-0.04],"ix":6},"t":1,"nm":"Gradient Fill 1","mn":"ADBE Vector Graphic - G-Fill","hd":false},{"ty":"tr","p":{"a":0,"k":[0,0],"ix":2},"a":{"a":0,"k":[0,0],"ix":1},"s":{"a":0,"k":[100,100],"ix":3},"r":{"a":0,"k":0.122,"ix":6},"o":{"a":0,"k":100,"ix":7},"sk":{"a":0,"k":0,"ix":4},"sa":{"a":0,"k":0,"ix":5},"nm":"Transform"}],"nm":"Vector","np":2,"cix":2,"bm":0,"ix":1,"mn":"ADBE Vector Group","hd":false}],"ip":0,"op":2250,"st":0,"ct":1,"bm":0},{"ddd":0,"ind":4,"ty":4,"nm":"Vector","sr":1,"ks":{"o":{"a":0,"k":100,"ix":11},"r":{"a":0,"k":0,"ix":10},"p":{"a":0,"k":[372.414,316.725,0],"ix":2,"l":2},"a":{"a":0,"k":[0,0,0],"ix":1,"l":2},"s":{"a":0,"k":[100,100,100],"ix":6,"l":2}},"ao":0,"shapes":[{"ty":"gr","it":[{"ind":0,"ty":"sh","ix":1,"ks":{"a":0,"k":{"i":[[-23.844,-29.393],[-19.791,-39.15],[-0.119,-0.12],[100.266,-23.249],[2.504,-0.12],[-25.394,-39.03],[55.677,50.835],[-26.461,14.087],[5.484,23.49],[-12.995,17.828],[-31.236,18.31],[-15.26,-2.771],[-9.299,5.421]],"o":[[83.336,-32.886],[16.691,32.886],[6.08,56.497],[-20.745,4.698],[40.297,15.66],[-68.314,29.754],[-4.99,-22.922],[-32.19,-9.757],[-4.054,-17.347],[-15.38,-41.318],[13.353,-7.71],[4.769,-9.757],[26.825,-15.66]],"v":[[5.638,-148.475],[181.371,-137.272],[181.61,-72.946],[19.587,62.574],[-48.727,73.175],[45.101,154.005],[-171.842,146.627],[-127.652,64.381],[-187.62,13.787],[-172.241,-40.06],[-146.489,-143.296],[-102.615,-150.282],[-81.394,-173.532]],"c":true},"ix":2},"nm":"Path 1","mn":"ADBE Vector Shape - Group","hd":false},{"ty":"gf","o":{"a":0,"k":100,"ix":10},"r":1,"bm":0,"g":{"p":3,"k":{"a":0,"k":[0,0.153,0.608,0.325,0.5,0.188,0.755,0.39,1,0.224,0.902,0.455],"ix":9}},"s":{"a":0,"k":[-187.698,-3.44],"ix":5},"e":{"a":0,"k":[198.325,-5.27],"ix":6},"t":1,"nm":"Gradient Fill 2","mn":"ADBE Vector Graphic - G-Fill","hd":false},{"ty":"tr","p":{"a":0,"k":[0,0],"ix":2},"a":{"a":0,"k":[0,0],"ix":1},"s":{"a":0,"k":[100,100],"ix":3},"r":{"a":0,"k":0.122,"ix":6},"o":{"a":0,"k":100,"ix":7},"sk":{"a":0,"k":0,"ix":4},"sa":{"a":0,"k":0,"ix":5},"nm":"Transform"}],"nm":"Vector","np":2,"cix":2,"bm":0,"ix":1,"mn":"ADBE Vector Group","hd":false}],"ip":0,"op":2250,"st":0,"ct":1,"bm":0},{"ddd":0,"ind":5,"ty":4,"nm":"Vector","sr":1,"ks":{"o":{"a":0,"k":100,"ix":11},"r":{"a":0,"k":0,"ix":10},"p":{"a":1,"k":[{"i":{"x":0.667,"y":1},"o":{"x":0.333,"y":0},"t":17.083,"s":[112.903,398.771,0],"to":[0,0,0],"ti":[0,0,0]},{"t":34.1666666666667,"s":[174.903,430.271,0]}],"ix":2,"l":2},"a":{"a":0,"k":[0,0,0],"ix":1,"l":2},"s":{"a":0,"k":[100,100,100],"ix":6,"l":2}},"ao":0,"shapes":[{"ty":"gr","it":[{"ind":0,"ty":"sh","ix":1,"ks":{"a":0,"k":{"i":[[-37.29,0],[0,37.29],[37.29,0],[0,-37.29]],"o":[[37.29,0],[0,-37.29],[-37.29,0],[0,37.29]],"v":[[0,67.52],[67.52,0],[0,-67.52],[-67.52,0]],"c":true},"ix":2},"nm":"Path 1","mn":"ADBE Vector Shape - Group","hd":false},{"ty":"gf","o":{"a":0,"k":100,"ix":10},"r":1,"bm":0,"g":{"p":7,"k":{"a":0,"k":[0,1,1,1,0.161,0.986,0.992,0.996,0.322,0.973,0.984,0.992,0.552,0.935,0.959,0.978,0.781,0.898,0.933,0.965,0.891,0.876,0.92,0.957,1,0.855,0.906,0.949],"ix":9}},"s":{"a":0,"k":[31.269,-22.678],"ix":5},"e":{"a":0,"k":[115.343,-22.678],"ix":6},"t":2,"h":{"a":0,"k":0,"ix":7},"a":{"a":0,"k":0,"ix":8},"nm":"Gradient Fill 3","mn":"ADBE Vector Graphic - G-Fill","hd":false},{"ty":"tr","p":{"a":0,"k":[0,0],"ix":2},"a":{"a":0,"k":[0,0],"ix":1},"s":{"a":0,"k":[100,100],"ix":3},"r":{"a":0,"k":0,"ix":6},"o":{"a":0,"k":100,"ix":7},"sk":{"a":0,"k":0,"ix":4},"sa":{"a":0,"k":0,"ix":5},"nm":"Transform"}],"nm":"Vector","np":2,"cix":2,"bm":0,"ix":1,"mn":"ADBE Vector Group","hd":false}],"ip":0,"op":2250,"st":0,"ct":1,"bm":0},{"ddd":0,"ind":6,"ty":4,"nm":"Vector","sr":1,"ks":{"o":{"a":0,"k":100,"ix":11},"r":{"a":0,"k":0,"ix":10},"p":{"a":0,"k":[287.546,249.981,0],"ix":2,"l":2},"a":{"a":0,"k":[0,0,0],"ix":1,"l":2},"s":{"a":0,"k":[100,100,100],"ix":6,"l":2}},"ao":0,"shapes":[{"ty":"gr","it":[{"ind":0,"ty":"sh","ix":1,"ks":{"a":1,"k":[{"i":{"x":0.667,"y":1},"o":{"x":0.333,"y":0},"t":17.083,"s":[{"i":[[0,0],[9.646,-8.44],[-18.596,48.159],[-63.3,-14.468],[-4.823,-37.377]],"o":[[0,0],[-14.621,-3.72],[43.904,-84.841],[37.98,8.44],[0,0]],"v":[[-75.297,29.036],[-141.925,91.239],[-114.451,4.859],[46.511,-124.754],[115.84,-45.177]],"c":true}]},{"t":34.1666666666667,"s":[{"i":[[0,0],[9.646,-8.44],[-6.029,54.257],[-63.3,-14.468],[-4.823,-37.377]],"o":[[0,0],[-18.086,-22.306],[10.851,-94.648],[37.98,8.44],[0,0]],"v":[[-60.797,105.536],[-87.925,127.239],[-114.451,4.859],[46.511,-124.754],[115.84,-45.177]],"c":true}]}],"ix":2},"nm":"Path 1","mn":"ADBE Vector Shape - Group","hd":false},{"ty":"gf","o":{"a":0,"k":100,"ix":10},"r":1,"bm":0,"g":{"p":3,"k":{"a":0,"k":[0.275,1,1,1,0.638,0.927,0.953,0.975,1,0.855,0.906,0.949],"ix":9}},"s":{"a":0,"k":[16.304,-18.503],"ix":5},"e":{"a":0,"k":[201.874,-18.503],"ix":6},"t":2,"h":{"a":0,"k":0,"ix":7},"a":{"a":0,"k":0,"ix":8},"nm":"Gradient Fill 4","mn":"ADBE Vector Graphic - G-Fill","hd":false},{"ty":"tr","p":{"a":0,"k":[0,0],"ix":2},"a":{"a":0,"k":[0,0],"ix":1},"s":{"a":0,"k":[100,100],"ix":3},"r":{"a":0,"k":0,"ix":6},"o":{"a":0,"k":100,"ix":7},"sk":{"a":0,"k":0,"ix":4},"sa":{"a":0,"k":0,"ix":5},"nm":"Transform"}],"nm":"Vector","np":2,"cix":2,"bm":0,"ix":1,"mn":"ADBE Vector Group","hd":false}],"ip":0,"op":2250,"st":0,"ct":1,"bm":0},{"ddd":0,"ind":7,"ty":4,"nm":"Vector","sr":1,"ks":{"o":{"a":0,"k":100,"ix":11},"r":{"a":0,"k":0,"ix":10},"p":{"a":0,"k":[240.848,278.383,0],"ix":2,"l":2},"a":{"a":0,"k":[0,0,0],"ix":1,"l":2},"s":{"a":0,"k":[100,100,100],"ix":6,"l":2}},"ao":0,"shapes":[{"ty":"gr","it":[{"ind":0,"ty":"sh","ix":1,"ks":{"a":1,"k":[{"i":{"x":0.667,"y":1},"o":{"x":0.333,"y":0},"t":17.083,"s":[{"i":[[-42.803,13.866],[-51.243,-16.277],[0,0],[-22.546,65.926]],"o":[[42.2,-13.866],[0,0],[0,0],[22.26,-65.09]],"v":[[-33.991,-155.571],[120.942,-133.868],[-175.674,120.825],[-149.302,-51.309]],"c":true}]},{"t":34.1666666666667,"s":[{"i":[[-42.803,13.866],[-51.243,-16.277],[0,0],[-2.411,56.065]],"o":[[42.2,-13.866],[0,0],[0,0],[3.014,-68.725]],"v":[[-33.991,-155.571],[120.942,-133.868],[-93.674,160.325],[-120.802,-36.809]],"c":true}]}],"ix":2},"nm":"Path 1","mn":"ADBE Vector Shape - Group","hd":false},{"ty":"fl","c":{"a":0,"k":[0.941176474094,0.305882364511,0.145098045468,1],"ix":4},"o":{"a":0,"k":100,"ix":5},"r":1,"bm":0,"nm":"Fill 1","mn":"ADBE Vector Graphic - Fill","hd":false},{"ty":"tr","p":{"a":0,"k":[0,0],"ix":2},"a":{"a":0,"k":[0,0],"ix":1},"s":{"a":0,"k":[100,100],"ix":3},"r":{"a":0,"k":0,"ix":6},"o":{"a":0,"k":100,"ix":7},"sk":{"a":0,"k":0,"ix":4},"sa":{"a":0,"k":0,"ix":5},"nm":"Transform"}],"nm":"Vector","np":2,"cix":2,"bm":0,"ix":1,"mn":"ADBE Vector Group","hd":false}],"ip":0,"op":2250,"st":0,"ct":1,"bm":0}]},{"id":"comp_4","nm":"▽ Eye 2","fr":60,"layers":[{"ddd":0,"ind":1,"ty":4,"nm":"Vector","sr":1,"ks":{"o":{"a":0,"k":100,"ix":11},"r":{"a":0,"k":0,"ix":10},"p":{"a":0,"k":[28.053,42.697,0],"ix":2,"l":2},"a":{"a":0,"k":[0,0,0],"ix":1,"l":2},"s":{"a":0,"k":[100,100,100],"ix":6,"l":2}},"ao":0,"shapes":[{"ty":"gr","it":[{"ind":0,"ty":"sh","ix":1,"ks":{"a":1,"k":[{"i":{"x":0.667,"y":0.504},"o":{"x":0.333,"y":0},"t":24.167,"s":[{"i":[[-4.173,1.927],[-10.492,-18.069],[11.684,-10.721],[0.596,1.205],[-6.2,12.648],[-0.238,0.361]],"o":[[12.876,-6.023],[-20.387,11.685],[-0.596,-1.205],[-6.319,-13.853],[0.238,-0.361],[2.265,-4.337]],"v":[[-12.758,-27.044],[28.016,-5.482],[-21.819,28.85],[-23.607,25.356],[-23.011,-16.323],[-22.415,-17.408]],"c":true}]},{"i":{"x":0.667,"y":1},"o":{"x":0.333,"y":0.496},"t":40.417,"s":[{"i":[[-4.152,1.797],[-10.492,-18.069],[13.384,-9.826],[0.596,1.205],[-4.714,12.385],[-0.238,0.361]],"o":[[12.206,-3.388],[-20.387,11.685],[-1.498,0.298],[-6.817,-15.136],[0.238,-0.361],[2.715,-6.496]],"v":[[5.524,-36.559],[48.58,-16.244],[-0.585,12.811],[-5.85,14.77],[-9.24,-24.802],[-8.276,-26.565]],"c":true}]},{"t":58.3333333333333,"s":[{"i":[[-4.173,1.927],[-10.492,-18.069],[14.182,-9.406],[0.596,1.205],[-6.2,12.649],[-0.238,0.361]],"o":[[11.892,-2.151],[-20.387,11.685],[-1.921,1.004],[-7.051,-15.738],[0.238,-0.361],[2.265,-4.337]],"v":[[13.461,-41.85],[58.232,-21.296],[9.381,5.283],[2.485,9.801],[5.202,-33.758],[5.425,-34.092]],"c":true}]}],"ix":2},"nm":"Path 1","mn":"ADBE Vector Shape - Group","hd":false},{"ty":"fl","c":{"a":0,"k":[0,0,0,1],"ix":4},"o":{"a":0,"k":100,"ix":5},"r":1,"bm":0,"nm":"Fill 1","mn":"ADBE Vector Graphic - Fill","hd":false},{"ty":"tr","p":{"a":0,"k":[0,0],"ix":2},"a":{"a":0,"k":[0,0],"ix":1},"s":{"a":0,"k":[100,100],"ix":3},"r":{"a":0,"k":0.122,"ix":6},"o":{"a":0,"k":100,"ix":7},"sk":{"a":0,"k":0,"ix":4},"sa":{"a":0,"k":0,"ix":5},"nm":"Transform"}],"nm":"Vector","np":2,"cix":2,"bm":0,"ix":1,"mn":"ADBE Vector Group","hd":false}],"ip":0,"op":2250,"st":0,"ct":1,"bm":0},{"ddd":0,"ind":2,"ty":4,"nm":"Vector","sr":1,"ks":{"o":{"a":0,"k":100,"ix":11},"r":{"a":0,"k":0,"ix":10},"p":{"a":0,"k":[43.247,35.783,0],"ix":2,"l":2},"a":{"a":0,"k":[0,0,0],"ix":1,"l":2},"s":{"a":0,"k":[100,100,100],"ix":6,"l":2}},"ao":0,"shapes":[{"ty":"gr","it":[{"ind":0,"ty":"sh","ix":1,"ks":{"a":0,"k":{"i":[[-23.725,11.203],[-12.876,-19.033],[17.168,-15.781],[0.596,1.205]],"o":[[21.341,-9.998],[-32.548,16.624],[-0.596,-1.205],[-11.088,-23.972]],"v":[[-15.887,-31.315],[43.247,-14.932],[-36.989,35.783],[-38.778,32.289]],"c":true},"ix":2},"nm":"Path 1","mn":"ADBE Vector Shape - Group","hd":false},{"ty":"fl","c":{"a":0,"k":[1,1,1,1],"ix":4},"o":{"a":0,"k":100,"ix":5},"r":1,"bm":0,"nm":"Fill 1","mn":"ADBE Vector Graphic - Fill","hd":false},{"ty":"tr","p":{"a":0,"k":[0,0],"ix":2},"a":{"a":0,"k":[0,0],"ix":1},"s":{"a":0,"k":[100,100],"ix":3},"r":{"a":0,"k":0.122,"ix":6},"o":{"a":0,"k":100,"ix":7},"sk":{"a":0,"k":0,"ix":4},"sa":{"a":0,"k":0,"ix":5},"nm":"Transform"}],"nm":"Vector","np":2,"cix":2,"bm":0,"ix":1,"mn":"ADBE Vector Group","hd":false}],"ip":0,"op":2250,"st":0,"ct":1,"bm":0}]},{"id":"comp_5","nm":"▽ Eye","fr":60,"layers":[{"ddd":0,"ind":1,"ty":4,"nm":"Vector","sr":1,"ks":{"o":{"a":0,"k":100,"ix":11},"r":{"a":0,"k":0,"ix":10},"p":{"a":0,"k":[24.133,33.547,0],"ix":2,"l":2},"a":{"a":0,"k":[0,0,0],"ix":1,"l":2},"s":{"a":0,"k":[100,100,100],"ix":6,"l":2}},"ao":0,"shapes":[{"ty":"gr","it":[{"ind":0,"ty":"sh","ix":1,"ks":{"a":1,"k":[{"i":{"x":0.667,"y":0.486},"o":{"x":0.333,"y":0},"t":24.167,"s":[{"i":[[-3.577,1.686],[-8.703,-16.383],[14.784,-7.83],[-5.007,9.998],[-0.119,0.361]],"o":[[11.326,-5.3],[-15.141,6.866],[-4.411,-11.083],[0.119,-0.361],[1.908,-3.734]],"v":[[-11.263,-20.376],[24.146,-0.38],[-21.278,21.906],[-19.847,-11.221],[-19.371,-12.185]],"c":true}]},{"i":{"x":0.667,"y":1},"o":{"x":0.333,"y":0.514},"t":40.417,"s":[{"i":[[-4.443,1.063],[-8.703,-16.383],[14.784,-7.83],[-5.007,9.998],[-0.119,0.361]],"o":[[9.076,-2.171],[-15.141,6.866],[-4.411,-11.083],[0.119,-0.361],[4.603,-6.537]],"v":[[7.502,-27.929],[40.534,-8.709],[-3.368,13.33],[-3.458,-19.55],[-2.982,-20.514]],"c":true}]},{"t":58.3333333333333,"s":[{"i":[[-3.562,1.717],[-8.703,-16.383],[14.784,-7.83],[-5.007,9.998],[-0.119,0.361]],"o":[[7.08,-3.412],[-15.141,6.866],[-4.411,-11.083],[0.119,-0.361],[1.908,-3.734]],"v":[[16.213,-31.435],[51.622,-11.438],[4.945,9.35],[7.629,-22.28],[8.106,-23.244]],"c":true}]}],"ix":2},"nm":"Path 1","mn":"ADBE Vector Shape - Group","hd":false},{"ty":"fl","c":{"a":0,"k":[0,0,0,1],"ix":4},"o":{"a":0,"k":100,"ix":5},"r":1,"bm":0,"nm":"Fill 1","mn":"ADBE Vector Graphic - Fill","hd":false},{"ty":"tr","p":{"a":0,"k":[0,0],"ix":2},"a":{"a":0,"k":[0,0],"ix":1},"s":{"a":0,"k":[100,100],"ix":3},"r":{"a":0,"k":0.122,"ix":6},"o":{"a":0,"k":100,"ix":7},"sk":{"a":0,"k":0,"ix":4},"sa":{"a":0,"k":0,"ix":5},"nm":"Transform"}],"nm":"Vector","np":2,"cix":2,"bm":0,"ix":1,"mn":"ADBE Vector Group","hd":false}],"ip":0,"op":2250,"st":0,"ct":1,"bm":0},{"ddd":0,"ind":2,"ty":4,"nm":"Vector","sr":1,"ks":{"o":{"a":0,"k":100,"ix":11},"r":{"a":0,"k":0,"ix":10},"p":{"a":0,"k":[37.779,27.74,0],"ix":2,"l":2},"a":{"a":0,"k":[0,0,0],"ix":1,"l":2},"s":{"a":0,"k":[100,100,100],"ix":6,"l":2}},"ao":0,"shapes":[{"ty":"gr","it":[{"ind":0,"ty":"sh","ix":1,"ks":{"a":0,"k":{"i":[[-19.314,9.155],[-9.895,-18.913],[23.844,-12.649]],"o":[[19.433,-9.155],[-22.891,9.396],[-7.869,-19.756]],"v":[[-14.601,-23.938],[37.738,-6.23],[-34.869,27.74]],"c":true},"ix":2},"nm":"Path 1","mn":"ADBE Vector Shape - Group","hd":false},{"ty":"fl","c":{"a":0,"k":[1,1,1,1],"ix":4},"o":{"a":0,"k":100,"ix":5},"r":1,"bm":0,"nm":"Fill 1","mn":"ADBE Vector Graphic - Fill","hd":false},{"ty":"tr","p":{"a":0,"k":[0,0],"ix":2},"a":{"a":0,"k":[0,0],"ix":1},"s":{"a":0,"k":[100,100],"ix":3},"r":{"a":0,"k":0.122,"ix":6},"o":{"a":0,"k":100,"ix":7},"sk":{"a":0,"k":0,"ix":4},"sa":{"a":0,"k":0,"ix":5},"nm":"Transform"}],"nm":"Vector","np":2,"cix":2,"bm":0,"ix":1,"mn":"ADBE Vector Group","hd":false}],"ip":0,"op":2250,"st":0,"ct":1,"bm":0}]},{"id":"comp_6","nm":"▽ Group 1794","fr":60,"layers":[{"ddd":0,"ind":1,"ty":0,"nm":"▽ Eye 2","refId":"comp_4","sr":1,"ks":{"o":{"a":0,"k":100,"ix":11},"r":{"a":0,"k":0,"ix":10},"p":{"a":0,"k":[259.577,217.188,0],"ix":2,"l":2},"a":{"a":0,"k":[43,36,0],"ix":1,"l":2},"s":{"a":0,"k":[100,100,100],"ix":6,"l":2}},"ao":0,"w":86,"h":72,"ip":0,"op":2250,"st":0,"ct":1,"bm":0},{"ddd":0,"ind":2,"ty":0,"nm":"▽ Eye","refId":"comp_5","sr":1,"ks":{"o":{"a":0,"k":100,"ix":11},"r":{"a":0,"k":0,"ix":10},"p":{"a":0,"k":[327.89,179.691,0],"ix":2,"l":2},"a":{"a":0,"k":[38,27.5,0],"ix":1,"l":2},"s":{"a":0,"k":[100,100,100],"ix":6,"l":2}},"ao":0,"w":76,"h":55,"ip":0,"op":2250,"st":0,"ct":1,"bm":0},{"ddd":0,"ind":3,"ty":4,"nm":"Vector","sr":1,"ks":{"o":{"a":0,"k":100,"ix":11},"r":{"a":0,"k":0,"ix":10},"p":{"a":0,"k":[395.962,360.524,0],"ix":2,"l":2},"a":{"a":0,"k":[0,0,0],"ix":1,"l":2},"s":{"a":0,"k":[100,100,100],"ix":6,"l":2}},"ao":0,"shapes":[{"ty":"gr","it":[{"ind":0,"ty":"sh","ix":1,"ks":{"a":0,"k":{"i":[[82.025,-25.417],[1.056,-22.682],[34.455,-11.564],[51.504,24.213],[-4.65,34.332],[-38.389,50.233]],"o":[[39.566,9.592],[-22.652,27.104],[-24.798,-43.487],[-34.574,-16.262],[113.022,47.342],[8.107,46.619]],"v":[[31.119,9.095],[127.238,102.188],[4.532,116.788],[-104.556,21.623],[-158.086,-50.654],[157.852,-116.788]],"c":true},"ix":2},"nm":"Path 1","mn":"ADBE Vector Shape - Group","hd":false},{"ty":"gf","o":{"a":0,"k":100,"ix":10},"r":1,"bm":0,"g":{"p":7,"k":{"a":0,"k":[0,0.247,0.702,0.294,0.057,0.267,0.716,0.31,0.114,0.286,0.729,0.325,0.409,0.378,0.792,0.404,0.705,0.471,0.855,0.482,0.852,0.506,0.878,0.512,1,0.541,0.902,0.541],"ix":9}},"s":{"a":0,"k":[-158.67,-0.04],"ix":5},"e":{"a":0,"k":[127.553,-0.04],"ix":6},"t":1,"nm":"Gradient Fill 1","mn":"ADBE Vector Graphic - G-Fill","hd":false},{"ty":"tr","p":{"a":0,"k":[0,0],"ix":2},"a":{"a":0,"k":[0,0],"ix":1},"s":{"a":0,"k":[100,100],"ix":3},"r":{"a":0,"k":0.122,"ix":6},"o":{"a":0,"k":100,"ix":7},"sk":{"a":0,"k":0,"ix":4},"sa":{"a":0,"k":0,"ix":5},"nm":"Transform"}],"nm":"Vector","np":2,"cix":2,"bm":0,"ix":1,"mn":"ADBE Vector Group","hd":false},{"ty":"st","c":{"a":0,"k":[1,1,1,1],"ix":3},"o":{"a":0,"k":100,"ix":4},"w":{"a":0,"k":37,"ix":5},"lc":2,"lj":2,"bm":0,"nm":"Stroke 1","mn":"ADBE Vector Graphic - Stroke","hd":false}],"ip":0,"op":2250,"st":0,"ct":1,"bm":0},{"ddd":0,"ind":4,"ty":4,"nm":"Vector","sr":1,"ks":{"o":{"a":0,"k":100,"ix":11},"r":{"a":0,"k":0,"ix":10},"p":{"a":0,"k":[372.414,316.725,0],"ix":2,"l":2},"a":{"a":0,"k":[0,0,0],"ix":1,"l":2},"s":{"a":0,"k":[100,100,100],"ix":6,"l":2}},"ao":0,"shapes":[{"ty":"gr","it":[{"ind":0,"ty":"sh","ix":1,"ks":{"a":0,"k":{"i":[[-23.844,-29.393],[-19.791,-39.15],[-0.119,-0.12],[100.266,-23.249],[2.504,-0.12],[-25.394,-39.03],[55.677,50.835],[-26.461,14.087],[5.484,23.49],[-12.995,17.828],[-31.236,18.31],[-15.26,-2.771],[-9.299,5.421]],"o":[[83.336,-32.886],[16.691,32.886],[6.08,56.497],[-20.745,4.698],[40.297,15.66],[-68.314,29.754],[-4.99,-22.922],[-32.19,-9.757],[-4.054,-17.347],[-15.38,-41.318],[13.353,-7.71],[4.769,-9.757],[26.825,-15.66]],"v":[[5.638,-148.475],[181.371,-137.272],[181.61,-72.946],[19.587,62.574],[-48.727,73.175],[45.101,154.005],[-171.842,146.627],[-127.652,64.381],[-187.62,13.787],[-172.241,-40.06],[-146.489,-143.296],[-102.615,-150.282],[-81.394,-173.532]],"c":true},"ix":2},"nm":"Path 1","mn":"ADBE Vector Shape - Group","hd":false},{"ty":"gf","o":{"a":0,"k":100,"ix":10},"r":1,"bm":0,"g":{"p":3,"k":{"a":0,"k":[0,0.153,0.608,0.325,0.5,0.188,0.755,0.39,1,0.224,0.902,0.455],"ix":9}},"s":{"a":0,"k":[-187.698,-3.44],"ix":5},"e":{"a":0,"k":[198.325,-5.27],"ix":6},"t":1,"nm":"Gradient Fill 2","mn":"ADBE Vector Graphic - G-Fill","hd":false},{"ty":"tr","p":{"a":0,"k":[0,0],"ix":2},"a":{"a":0,"k":[0,0],"ix":1},"s":{"a":0,"k":[100,100],"ix":3},"r":{"a":0,"k":0.122,"ix":6},"o":{"a":0,"k":100,"ix":7},"sk":{"a":0,"k":0,"ix":4},"sa":{"a":0,"k":0,"ix":5},"nm":"Transform"}],"nm":"Vector","np":2,"cix":2,"bm":0,"ix":1,"mn":"ADBE Vector Group","hd":false},{"ty":"st","c":{"a":0,"k":[1,1,1,1],"ix":3},"o":{"a":0,"k":100,"ix":4},"w":{"a":0,"k":37,"ix":5},"lc":2,"lj":2,"bm":0,"nm":"Stroke 1","mn":"ADBE Vector Graphic - Stroke","hd":false}],"ip":0,"op":2250,"st":0,"ct":1,"bm":0},{"ddd":0,"ind":5,"ty":4,"nm":"Vector","sr":1,"ks":{"o":{"a":0,"k":100,"ix":11},"r":{"a":0,"k":0,"ix":10},"p":{"a":1,"k":[{"i":{"x":0.667,"y":1},"o":{"x":0.333,"y":0},"t":17.083,"s":[112.903,398.771,0],"to":[0,0,0],"ti":[0,0,0]},{"t":34.1666666666667,"s":[174.903,430.271,0]}],"ix":2,"l":2},"a":{"a":0,"k":[0,0,0],"ix":1,"l":2},"s":{"a":0,"k":[100,100,100],"ix":6,"l":2}},"ao":0,"shapes":[{"ty":"gr","it":[{"ind":0,"ty":"sh","ix":1,"ks":{"a":0,"k":{"i":[[-37.29,0],[0,37.29],[37.29,0],[0,-37.29]],"o":[[37.29,0],[0,-37.29],[-37.29,0],[0,37.29]],"v":[[0,67.52],[67.52,0],[0,-67.52],[-67.52,0]],"c":true},"ix":2},"nm":"Path 1","mn":"ADBE Vector Shape - Group","hd":false},{"ty":"gf","o":{"a":0,"k":100,"ix":10},"r":1,"bm":0,"g":{"p":7,"k":{"a":0,"k":[0,1,1,1,0.161,0.986,0.992,0.996,0.322,0.973,0.984,0.992,0.552,0.935,0.959,0.978,0.781,0.898,0.933,0.965,0.891,0.876,0.92,0.957,1,0.855,0.906,0.949],"ix":9}},"s":{"a":0,"k":[31.269,-22.678],"ix":5},"e":{"a":0,"k":[115.343,-22.678],"ix":6},"t":2,"h":{"a":0,"k":0,"ix":7},"a":{"a":0,"k":0,"ix":8},"nm":"Gradient Fill 3","mn":"ADBE Vector Graphic - G-Fill","hd":false},{"ty":"tr","p":{"a":0,"k":[0,0],"ix":2},"a":{"a":0,"k":[0,0],"ix":1},"s":{"a":0,"k":[100,100],"ix":3},"r":{"a":0,"k":0,"ix":6},"o":{"a":0,"k":100,"ix":7},"sk":{"a":0,"k":0,"ix":4},"sa":{"a":0,"k":0,"ix":5},"nm":"Transform"}],"nm":"Vector","np":2,"cix":2,"bm":0,"ix":1,"mn":"ADBE Vector Group","hd":false},{"ty":"st","c":{"a":0,"k":[1,1,1,1],"ix":3},"o":{"a":0,"k":100,"ix":4},"w":{"a":0,"k":37,"ix":5},"lc":2,"lj":2,"bm":0,"nm":"Stroke 1","mn":"ADBE Vector Graphic - Stroke","hd":false}],"ip":0,"op":2250,"st":0,"ct":1,"bm":0},{"ddd":0,"ind":6,"ty":4,"nm":"Vector","sr":1,"ks":{"o":{"a":0,"k":100,"ix":11},"r":{"a":0,"k":0,"ix":10},"p":{"a":0,"k":[287.546,249.981,0],"ix":2,"l":2},"a":{"a":0,"k":[0,0,0],"ix":1,"l":2},"s":{"a":0,"k":[100,100,100],"ix":6,"l":2}},"ao":0,"shapes":[{"ty":"gr","it":[{"ind":0,"ty":"sh","ix":1,"ks":{"a":1,"k":[{"i":{"x":0.667,"y":1},"o":{"x":0.333,"y":0},"t":17.083,"s":[{"i":[[0,0],[9.646,-8.44],[-18.596,48.159],[-63.3,-14.468],[-4.823,-37.377]],"o":[[0,0],[-14.621,-3.72],[43.904,-84.841],[37.98,8.44],[0,0]],"v":[[-75.297,29.036],[-141.925,91.239],[-114.451,4.859],[46.511,-124.754],[115.84,-45.177]],"c":true}]},{"t":34.1666666666667,"s":[{"i":[[0,0],[9.646,-8.44],[-6.029,54.257],[-63.3,-14.468],[-4.823,-37.377]],"o":[[0,0],[-18.086,-22.306],[10.851,-94.648],[37.98,8.44],[0,0]],"v":[[-60.797,105.536],[-87.925,127.239],[-114.451,4.859],[46.511,-124.754],[115.84,-45.177]],"c":true}]}],"ix":2},"nm":"Path 1","mn":"ADBE Vector Shape - Group","hd":false},{"ty":"gf","o":{"a":0,"k":100,"ix":10},"r":1,"bm":0,"g":{"p":3,"k":{"a":0,"k":[0.275,1,1,1,0.638,0.927,0.953,0.975,1,0.855,0.906,0.949],"ix":9}},"s":{"a":0,"k":[16.304,-18.503],"ix":5},"e":{"a":0,"k":[201.874,-18.503],"ix":6},"t":2,"h":{"a":0,"k":0,"ix":7},"a":{"a":0,"k":0,"ix":8},"nm":"Gradient Fill 4","mn":"ADBE Vector Graphic - G-Fill","hd":false},{"ty":"tr","p":{"a":0,"k":[0,0],"ix":2},"a":{"a":0,"k":[0,0],"ix":1},"s":{"a":0,"k":[100,100],"ix":3},"r":{"a":0,"k":0,"ix":6},"o":{"a":0,"k":100,"ix":7},"sk":{"a":0,"k":0,"ix":4},"sa":{"a":0,"k":0,"ix":5},"nm":"Transform"}],"nm":"Vector","np":2,"cix":2,"bm":0,"ix":1,"mn":"ADBE Vector Group","hd":false},{"ty":"st","c":{"a":0,"k":[1,1,1,1],"ix":3},"o":{"a":0,"k":100,"ix":4},"w":{"a":0,"k":37,"ix":5},"lc":2,"lj":2,"bm":0,"nm":"Stroke 1","mn":"ADBE Vector Graphic - Stroke","hd":false}],"ip":0,"op":2250,"st":0,"ct":1,"bm":0},{"ddd":0,"ind":7,"ty":4,"nm":"Vector","sr":1,"ks":{"o":{"a":0,"k":100,"ix":11},"r":{"a":0,"k":0,"ix":10},"p":{"a":0,"k":[240.848,278.383,0],"ix":2,"l":2},"a":{"a":0,"k":[0,0,0],"ix":1,"l":2},"s":{"a":0,"k":[100,100,100],"ix":6,"l":2}},"ao":0,"shapes":[{"ty":"gr","it":[{"ind":0,"ty":"sh","ix":1,"ks":{"a":1,"k":[{"i":{"x":0.667,"y":1},"o":{"x":0.333,"y":0},"t":17.083,"s":[{"i":[[-42.803,13.866],[-51.243,-16.277],[0,0],[-22.546,65.926]],"o":[[42.2,-13.866],[0,0],[0,0],[22.26,-65.09]],"v":[[-33.991,-155.571],[120.942,-133.868],[-175.674,120.825],[-149.302,-51.309]],"c":true}]},{"t":34.1666666666667,"s":[{"i":[[-42.803,13.866],[-51.243,-16.277],[0,0],[-2.411,56.065]],"o":[[42.2,-13.866],[0,0],[0,0],[3.014,-68.725]],"v":[[-33.991,-155.571],[120.942,-133.868],[-93.674,160.325],[-120.802,-36.809]],"c":true}]}],"ix":2},"nm":"Path 1","mn":"ADBE Vector Shape - Group","hd":false},{"ty":"fl","c":{"a":0,"k":[0.941176474094,0.305882364511,0.145098045468,1],"ix":4},"o":{"a":0,"k":100,"ix":5},"r":1,"bm":0,"nm":"Fill 1","mn":"ADBE Vector Graphic - Fill","hd":false},{"ty":"tr","p":{"a":0,"k":[0,0],"ix":2},"a":{"a":0,"k":[0,0],"ix":1},"s":{"a":0,"k":[100,100],"ix":3},"r":{"a":0,"k":0,"ix":6},"o":{"a":0,"k":100,"ix":7},"sk":{"a":0,"k":0,"ix":4},"sa":{"a":0,"k":0,"ix":5},"nm":"Transform"}],"nm":"Vector","np":2,"cix":2,"bm":0,"ix":1,"mn":"ADBE Vector Group","hd":false},{"ty":"st","c":{"a":0,"k":[1,1,1,1],"ix":3},"o":{"a":0,"k":100,"ix":4},"w":{"a":0,"k":37,"ix":5},"lc":2,"lj":2,"bm":0,"nm":"Stroke 1","mn":"ADBE Vector Graphic - Stroke","hd":false}],"ip":0,"op":2250,"st":0,"ct":1,"bm":0}]}],"layers":[{"ddd":0,"ind":1,"ty":3,"nm":"Null 1","sr":1,"ks":{"o":{"a":0,"k":0,"ix":11},"r":{"a":0,"k":0,"ix":10},"p":{"a":0,"k":[0,45,0],"ix":2,"l":2},"a":{"a":0,"k":[0,0,0],"ix":1,"l":2},"s":{"a":0,"k":[50,50,100],"ix":6,"l":2}},"ao":0,"ip":0,"op":132,"st":0,"bm":0},{"ddd":0,"ind":2,"ty":4,"nm":"Snejinka 3","parent":1,"sr":1,"ks":{"o":{"a":1,"k":[{"i":{"x":[0.667],"y":[1]},"o":{"x":[0.333],"y":[0]},"t":38,"s":[100]},{"t":49,"s":[0]}],"ix":11},"r":{"a":0,"k":0,"ix":10},"p":{"a":1,"k":[{"i":{"x":0.21,"y":1},"o":{"x":0.333,"y":0},"t":27,"s":[-60.2,-64.839,0],"to":[0,0,0],"ti":[0,0,0]},{"t":48,"s":[105.8,-8.839,0]}],"ix":2,"l":2},"a":{"a":0,"k":[0,0,0],"ix":1,"l":2},"s":{"a":0,"k":[42,42,100],"ix":6,"l":2}},"ao":0,"shapes":[{"ty":"rc","d":1,"s":{"a":0,"k":[177.588,152.999],"ix":2},"p":{"a":0,"k":[0,0],"ix":3},"r":{"a":0,"k":0,"ix":4},"nm":"Rectangle Path 1","mn":"ADBE Vector Shape - Rect","hd":false},{"ty":"gr","it":[{"ind":0,"ty":"sh","ix":1,"ks":{"a":0,"k":{"i":[[0,0],[0,0],[0,-2.2],[2.2,0],[0,0],[0,0],[1.9,-1.1],[0.7,0],[0.7,1.3],[0,0],[0,0],[0,0],[0,-2.2],[2.2,0],[0,0],[0,0],[1.9,-1.1],[0.7,0],[0.7,1.3],[0,0],[0,0],[1.4,0],[0.6,0.4],[-1.1,1.9],[0,0],[0,0],[0,0],[1.9,-1.1],[0.7,0],[0.7,1.3],[0,0],[0,0],[1.4,0],[0.6,0.4],[-1.1,1.9],[0,0],[0,0],[0,2.2],[-2.2,0],[0,0],[0,0],[0,0],[1.4,0],[0.6,0.4],[-1.1,1.9],[0,0],[0,0],[0,2.2],[-2.2,0],[0,0],[0,0],[-1.9,1.1],[-1.1,-1.9],[0,0],[0,0],[0,0],[0,2.2],[-2.2,0],[0,0],[0,0],[-1.9,1.1],[-1.1,-1.9],[0,0],[0,0],[-1.9,-1.1],[1.1,-1.9],[0,0],[0,0],[0,0],[-1.9,1.1],[-1.1,-1.9],[0,0],[0,0],[-1.9,-1.1],[1.1,-1.9],[0,0],[0,0],[0,-2.2],[2.2,0],[0,0],[0,0],[0,0],[-1.9,-1.1],[1.1,-1.9]],"o":[[0,0],[2.2,0],[0,2.2],[0,0],[0,0],[1.1,2],[-0.7,0.3],[-1.4,0],[0,0],[0,0],[0,0],[2.2,0],[0,2.2],[0,0],[0,0],[1.1,1.9],[-0.6,0.3],[-1.4,0],[0,0],[0,0],[-0.8,1.3],[-0.7,0],[-1.9,-1.1],[0,0],[0,0],[0,0],[1.1,1.9],[-0.6,0.4],[-1.4,0],[0,0],[0,0],[-0.8,1.3],[-0.7,0],[-1.9,-1.1],[0,0],[0,0],[-2.2,0],[0,-2.2],[0,0],[0,0],[0,0],[-0.8,1.3],[-0.7,0],[-1.9,-1.1],[0,0],[0,0],[-2.2,0],[0,-2.2],[0,0],[0,0],[-1.1,-2],[2,-1.1],[0,0],[0,0],[0,0],[-2.2,0],[0,-2.2],[0,0],[0,0],[-1.1,-1.9],[1.9,-1.1],[0,0],[0,0],[1.1,-1.9],[1.9,1.1],[0,0],[0,0],[0,0],[-1.1,-1.9],[1.9,-1.1],[0,0],[0,0],[1.1,-1.9],[1.9,1.1],[0,0],[0,0],[2.2,0],[0,2.2],[0,0],[0,0],[0,0],[1.1,-1.9],[1.9,1.1],[0,0]],"v":[[43.5,-4.039],[50.2,-4.039],[54.8,0.161],[50.8,4.161],[44,4.161],[47.3,9.961],[45.8,15.461],[43.8,15.961],[40.3,13.961],[36.6,7.361],[25.1,27.261],[32.6,27.161],[36.6,31.161],[32.6,35.161],[25.3,35.261],[28.6,40.961],[27.2,46.461],[25.2,46.961],[21.7,44.961],[18.6,39.761],[15.5,44.961],[12,46.961],[10,46.361],[8.6,40.861],[12,35.061],[-10.2,35.061],[-6.8,40.861],[-8.2,46.361],[-10.2,46.961],[-13.7,44.961],[-17.7,38.061],[-22.4,46.161],[-25.9,48.161],[-27.9,47.661],[-29.4,42.161],[-25.4,35.161],[-30.8,35.161],[-34.8,31.161],[-30.8,27.161],[-25,27.161],[-35.7,8.661],[-38.6,13.761],[-42.1,15.761],[-44.1,15.261],[-45.6,9.761],[-42.3,3.961],[-50.8,3.961],[-54.8,-0.039],[-50.8,-4.039],[-42.3,-4.039],[-45.6,-9.839],[-44.1,-15.339],[-38.6,-13.839],[-35.7,-8.739],[-25.2,-27.039],[-31,-27.039],[-35,-31.039],[-31,-35.039],[-25.6,-35.039],[-28.9,-40.739],[-27.5,-46.239],[-22,-44.839],[-18,-38.039],[-14,-44.839],[-8.5,-46.239],[-7.1,-40.739],[-10.5,-34.939],[11.5,-34.939],[8.1,-40.739],[9.5,-46.239],[15,-44.839],[17.7,-40.239],[21.1,-46.139],[26.6,-47.639],[28.1,-42.139],[24.1,-35.139],[32.1,-35.039],[36.1,-31.039],[32.1,-27.039],[24.6,-27.139],[36.1,-7.239],[39.8,-13.839],[45.3,-15.339],[46.8,-9.839]],"c":true},"ix":2},"nm":"Path 1","mn":"ADBE Vector Shape - Group","hd":false},{"ind":1,"ty":"sh","ix":2,"ks":{"a":0,"k":{"i":[[0,0],[0,0],[0,0]],"o":[[0,0],[0,0],[0,0]],"v":[[28.6,-4.039],[17.4,-23.439],[6.1,-4.039]],"c":true},"ix":2},"nm":"Path 2","mn":"ADBE Vector Shape - Group","hd":false},{"ind":2,"ty":"sh","ix":3,"ks":{"a":0,"k":{"i":[[0,0],[0,0],[0,0]],"o":[[0,0],[0,0],[0,0]],"v":[[-0.5,-8.239],[10.3,-27.039],[-11.5,-27.039]],"c":true},"ix":2},"nm":"Path 3","mn":"ADBE Vector Shape - Group","hd":false},{"ind":3,"ty":"sh","ix":4,"ks":{"a":0,"k":{"i":[[0,0],[0,0],[0,0]],"o":[[0,0],[0,0],[0,0]],"v":[[-7.3,-4.039],[-18.3,-22.839],[-29.2,-4.039]],"c":true},"ix":2},"nm":"Path 4","mn":"ADBE Vector Shape - Group","hd":false},{"ind":4,"ty":"sh","ix":5,"ks":{"a":0,"k":{"i":[[0,0],[0,0],[0,0]],"o":[[0,0],[0,0],[0,0]],"v":[[-29.2,3.961],[-18.4,22.661],[-7.7,3.961]],"c":true},"ix":2},"nm":"Path 5","mn":"ADBE Vector Shape - Group","hd":false},{"ind":5,"ty":"sh","ix":6,"ks":{"a":0,"k":{"i":[[0,0],[0,0],[0,0]],"o":[[0,0],[0,0],[0,0]],"v":[[-0.5,7.661],[-11.7,27.061],[10.9,27.061]],"c":true},"ix":2},"nm":"Path 6","mn":"ADBE Vector Shape - Group","hd":false},{"ind":6,"ty":"sh","ix":7,"ks":{"a":0,"k":{"i":[[0,0],[0,0],[0,0]],"o":[[0,0],[0,0],[0,0]],"v":[[6.6,4.061],[17.7,22.961],[28.6,4.061]],"c":true},"ix":2},"nm":"Path 7","mn":"ADBE Vector Shape - Group","hd":false},{"ty":"mm","mm":1,"nm":"Merge Paths 1","mn":"ADBE Vector Filter - Merge","hd":false},{"ty":"fl","c":{"a":0,"k":[0.819607853889,0.905882358551,0.933333337307,1],"ix":4},"o":{"a":0,"k":100,"ix":5},"r":1,"bm":0,"nm":"Fill 2","mn":"ADBE Vector Graphic - Fill","hd":false},{"ty":"st","c":{"a":0,"k":[1,1,1,1],"ix":3},"o":{"a":0,"k":100,"ix":4},"w":{"a":0,"k":15,"ix":5},"lc":1,"lj":1,"ml":4,"bm":0,"nm":"Stroke 1","mn":"ADBE Vector Graphic - Stroke","hd":false},{"ty":"tr","p":{"a":0,"k":[0,0],"ix":2},"a":{"a":0,"k":[0,0],"ix":1},"s":{"a":0,"k":[100,100],"ix":3},"r":{"a":0,"k":0,"ix":6},"o":{"a":0,"k":100,"ix":7},"sk":{"a":0,"k":0,"ix":4},"sa":{"a":0,"k":0,"ix":5},"nm":"Transform"}],"nm":"Vector","np":10,"cix":2,"bm":0,"ix":2,"mn":"ADBE Vector Group","hd":false}],"ip":27,"op":2277,"st":27,"ct":1,"bm":0},{"ddd":0,"ind":3,"ty":4,"nm":"Snejinka 2","parent":1,"sr":1,"ks":{"o":{"a":1,"k":[{"i":{"x":[0.667],"y":[1]},"o":{"x":[0.333],"y":[0]},"t":38,"s":[100]},{"t":49,"s":[0]}],"ix":11},"r":{"a":0,"k":0,"ix":10},"p":{"a":1,"k":[{"i":{"x":0.21,"y":1},"o":{"x":0.333,"y":0},"t":27,"s":[-48.3,141.011,0],"to":[0,0,0],"ti":[0,0,0]},{"t":48,"s":[25.7,133.011,0]}],"ix":2,"l":2},"a":{"a":0,"k":[0,0,0],"ix":1,"l":2},"s":{"a":0,"k":[77,77,100],"ix":6,"l":2}},"ao":0,"shapes":[{"ty":"rc","d":1,"s":{"a":0,"k":[95.588,82.353],"ix":2},"p":{"a":0,"k":[0,0],"ix":3},"r":{"a":0,"k":0,"ix":4},"nm":"Rectangle Path 1","mn":"ADBE Vector Shape - Rect","hd":false},{"ty":"gr","it":[{"ind":0,"ty":"sh","ix":1,"ks":{"a":0,"k":{"i":[[0,0],[0,0],[0,-2.2],[2.2,0],[0,0],[0,0],[1.9,-1.1],[0.7,0],[0.7,1.3],[0,0],[0,0],[1.4,0],[0.6,0.4],[-1.1,1.9],[0,0],[0,0],[0,2.2],[-2.2,0],[0,0],[0,0],[-1.9,1.1],[-1.1,-1.9],[0,0],[0,0],[-1.9,-1.1],[1.1,-1.9]],"o":[[0,0],[2.2,0],[0,2.2],[0,0],[0,0],[1.1,1.9],[-0.6,0.3],[-1.4,0],[0,0],[0,0],[-0.8,1.3],[-0.7,0],[-1.9,-1.1],[0,0],[0,0],[-2.2,0],[0,-2.2],[0,0],[0,0],[-1.1,-1.9],[1.9,-1.1],[0,0],[0,0],[1.1,-1.9],[1.9,1.1],[0,0]],"v":[[6.9,-3.989],[20.1,-3.989],[24.2,0.011],[20.2,4.011],[7,4.011],[13.6,15.511],[12.1,21.011],[10.1,21.511],[6.6,19.511],[0,8.011],[-6.6,19.511],[-10.1,21.511],[-12.1,21.011],[-13.6,15.511],[-7,4.011],[-20.2,4.011],[-24.2,0.011],[-20.2,-3.989],[-7,-3.989],[-13.6,-15.489],[-12.1,-20.989],[-6.6,-19.489],[0,-7.989],[6.5,-19.489],[12,-20.989],[13.5,-15.489]],"c":true},"ix":2},"nm":"Path 1","mn":"ADBE Vector Shape - Group","hd":false},{"ty":"fl","c":{"a":0,"k":[0.819607853889,0.905882358551,0.933333337307,1],"ix":4},"o":{"a":0,"k":100,"ix":5},"r":1,"bm":0,"nm":"Fill 2","mn":"ADBE Vector Graphic - Fill","hd":false},{"ty":"st","c":{"a":0,"k":[1,1,1,1],"ix":3},"o":{"a":0,"k":100,"ix":4},"w":{"a":0,"k":8,"ix":5},"lc":1,"lj":1,"ml":4,"bm":0,"nm":"Stroke 1","mn":"ADBE Vector Graphic - Stroke","hd":false},{"ty":"tr","p":{"a":0,"k":[0,0],"ix":2},"a":{"a":0,"k":[0,0],"ix":1},"s":{"a":0,"k":[100,100],"ix":3},"r":{"a":0,"k":0,"ix":6},"o":{"a":0,"k":100,"ix":7},"sk":{"a":0,"k":0,"ix":4},"sa":{"a":0,"k":0,"ix":5},"nm":"Transform"}],"nm":"Vector","np":3,"cix":2,"bm":0,"ix":2,"mn":"ADBE Vector Group","hd":false}],"ip":27,"op":2277,"st":27,"ct":1,"bm":0},{"ddd":0,"ind":4,"ty":4,"nm":"Snejinka","parent":1,"sr":1,"ks":{"o":{"a":1,"k":[{"i":{"x":[0.667],"y":[1]},"o":{"x":[0.333],"y":[0]},"t":38,"s":[100]},{"t":49,"s":[0]}],"ix":11},"r":{"a":0,"k":0,"ix":10},"p":{"a":1,"k":[{"i":{"x":0.21,"y":1},"o":{"x":0.333,"y":0},"t":27,"s":[-32.5,185.111,0],"to":[0,0,0],"ti":[0,0,0]},{"t":48,"s":[72.5,148.111,0]}],"ix":2,"l":2},"a":{"a":0,"k":[0,0,0],"ix":1,"l":2},"s":{"a":0,"k":[68,68,100],"ix":6,"l":2}},"ao":0,"shapes":[{"ty":"gr","it":[{"ty":"rc","d":1,"s":{"a":0,"k":[95.588,82.353],"ix":2},"p":{"a":0,"k":[0,0],"ix":3},"r":{"a":0,"k":0,"ix":4},"nm":"Rectangle Path 1","mn":"ADBE Vector Shape - Rect","hd":false},{"ty":"fl","c":{"a":0,"k":[0.819607843137,0.905882352941,0.933333333333,1],"ix":4},"o":{"a":0,"k":0,"ix":5},"r":1,"bm":0,"nm":"Fill 1","mn":"ADBE Vector Graphic - Fill","hd":false},{"ty":"tr","p":{"a":0,"k":[1.172,-0.864],"ix":2},"a":{"a":0,"k":[0,0],"ix":1},"s":{"a":0,"k":[100,100],"ix":3},"r":{"a":0,"k":0,"ix":6},"o":{"a":0,"k":100,"ix":7},"sk":{"a":0,"k":0,"ix":4},"sa":{"a":0,"k":0,"ix":5},"nm":"Transform"}],"nm":"Rectangle 1","np":2,"cix":2,"bm":0,"ix":1,"mn":"ADBE Vector Group","hd":false},{"ty":"gr","it":[{"ind":0,"ty":"sh","ix":1,"ks":{"a":0,"k":{"i":[[1.4,0],[0.6,0.4],[-1.2,1.9],[0,0],[0,0],[0,2.2],[-2.2,0],[0,0],[0,0],[-1.9,1.1],[-1.1,-1.9],[0,0],[0,0],[-1.9,-1.1],[1.1,-1.9],[0,0],[0,0],[0,-2.2],[2.2,0],[0,0],[0,0],[1.9,-1.1],[0.7,0],[0.7,1.3],[0,0],[0,0]],"o":[[-0.7,0],[-1.9,-1.1],[0,0],[0,0],[-2.2,0],[0,-2.2],[0,0],[0,0],[-1.1,-1.9],[1.9,-1.1],[0,0],[0,0],[1.1,-1.9],[1.9,1.1],[0,0],[0,0],[2.2,0],[0,2.2],[0,0],[0,0],[1.1,1.9],[-0.6,0.3],[-1.4,0],[0,0],[0,0],[-0.8,1.3]],"v":[[-7,16.111],[-9,15.611],[-10.4,10.111],[-6.9,4.011],[-14,4.011],[-18,0.011],[-14,-3.989],[-7.1,-3.989],[-10.6,-10.089],[-9.1,-15.589],[-3.6,-14.089],[-0.1,-7.989],[3.4,-14.089],[8.9,-15.589],[10.4,-10.089],[6.9,-3.989],[14,-3.989],[18,0.011],[14,4.011],[7,4.011],[10.5,10.111],[9,15.611],[7,16.111],[3.5,14.111],[0,8.011],[-3.5,14.111]],"c":true},"ix":2},"nm":"Path 1","mn":"ADBE Vector Shape - Group","hd":false},{"ty":"fl","c":{"a":0,"k":[0.819607853889,0.905882358551,0.933333337307,1],"ix":4},"o":{"a":0,"k":100,"ix":5},"r":1,"bm":0,"nm":"Fill 1","mn":"ADBE Vector Graphic - Fill","hd":false},{"ty":"st","c":{"a":0,"k":[1,1,1,1],"ix":3},"o":{"a":0,"k":100,"ix":4},"w":{"a":0,"k":8,"ix":5},"lc":1,"lj":1,"ml":4,"bm":0,"nm":"Stroke 1","mn":"ADBE Vector Graphic - Stroke","hd":false},{"ty":"tr","p":{"a":0,"k":[0,0],"ix":2},"a":{"a":0,"k":[0,0],"ix":1},"s":{"a":0,"k":[100,100],"ix":3},"r":{"a":0,"k":0,"ix":6},"o":{"a":0,"k":100,"ix":7},"sk":{"a":0,"k":0,"ix":4},"sa":{"a":0,"k":0,"ix":5},"nm":"Transform"}],"nm":"Vector","np":3,"cix":2,"bm":0,"ix":2,"mn":"ADBE Vector Group","hd":false}],"ip":27,"op":2277,"st":27,"ct":1,"bm":0},{"ddd":0,"ind":5,"ty":2,"nm":"123213_00027.png","cl":"png","parent":2,"refId":"image_0","sr":1,"ks":{"o":{"a":1,"k":[{"i":{"x":[0.667],"y":[1]},"o":{"x":[0.333],"y":[0]},"t":38,"s":[100]},{"t":49,"s":[0]}],"ix":11},"r":{"a":0,"k":0,"ix":10},"p":{"a":0,"k":[-1.676,0.415,0],"ix":2,"l":2},"a":{"a":0,"k":[36.5,37,0],"ix":1,"l":2},"s":{"a":0,"k":[324.095,324.095,100],"ix":6,"l":2}},"ao":0,"ip":27,"op":132,"st":0,"bm":0},{"ddd":0,"ind":6,"ty":2,"nm":"123213_00027.png","cl":"png","parent":3,"refId":"image_0","sr":1,"ks":{"o":{"a":1,"k":[{"i":{"x":[0.667],"y":[1]},"o":{"x":[0.333],"y":[0]},"t":38,"s":[100]},{"t":49,"s":[0]}],"ix":11},"r":{"a":0,"k":0,"ix":10},"p":{"a":0,"k":[1.033,-0.221,0],"ix":2,"l":2},"a":{"a":0,"k":[36.5,37,0],"ix":1,"l":2},"s":{"a":0,"k":[123.87,123.87,100],"ix":6,"l":2}},"ao":0,"ip":27,"op":132,"st":0,"bm":0},{"ddd":0,"ind":7,"ty":2,"nm":"123213_00027.png","cl":"png","parent":4,"refId":"image_0","sr":1,"ks":{"o":{"a":1,"k":[{"i":{"x":[0.667],"y":[1]},"o":{"x":[0.333],"y":[0]},"t":38,"s":[100]},{"t":49,"s":[0]}],"ix":11},"r":{"a":0,"k":0,"ix":10},"p":{"a":0,"k":[0,0,0],"ix":2,"l":2},"a":{"a":0,"k":[36.5,37,0],"ix":1,"l":2},"s":{"a":0,"k":[100,100,100],"ix":6,"l":2}},"ao":0,"ip":27,"op":132,"st":0,"bm":0},{"ddd":0,"ind":8,"ty":0,"nm":"▽ Group 9","parent":1,"refId":"comp_0","sr":1,"ks":{"o":{"a":0,"k":100,"ix":11},"r":{"a":1,"k":[{"i":{"x":[0.667],"y":[1]},"o":{"x":[0.333],"y":[0]},"t":0,"s":[9]},{"i":{"x":[0.833],"y":[1]},"o":{"x":[0.333],"y":[0]},"t":12,"s":[33]},{"i":{"x":[0.667],"y":[1]},"o":{"x":[0.167],"y":[0]},"t":18,"s":[46]},{"i":{"x":[0.667],"y":[1]},"o":{"x":[0.333],"y":[0]},"t":22.8,"s":[33]},{"t":30,"s":[9]}],"ix":10},"p":{"a":1,"k":[{"i":{"x":0.667,"y":1},"o":{"x":0.333,"y":0},"t":0,"s":[-24,93.75,0],"to":[0,0,0],"ti":[0,0,0]},{"i":{"x":0.667,"y":0.667},"o":{"x":0.333,"y":0.333},"t":12,"s":[4,77.75,0],"to":[0,0,0],"ti":[0,0,0]},{"i":{"x":0.667,"y":1},"o":{"x":0.333,"y":0},"t":22.8,"s":[4,77.75,0],"to":[0,0,0],"ti":[0,0,0]},{"t":30,"s":[-24,93.75,0]}],"ix":2,"l":2},"a":{"a":0,"k":[20,24,0],"ix":1,"l":2},"s":{"a":0,"k":[-100,-100,100],"ix":6,"l":2}},"ao":0,"w":40,"h":48,"ip":0,"op":2250,"st":0,"ct":1,"bm":0},{"ddd":0,"ind":9,"ty":0,"nm":"▽ Group 8","parent":1,"refId":"comp_1","sr":1,"ks":{"o":{"a":0,"k":100,"ix":11},"r":{"a":1,"k":[{"i":{"x":[0.667],"y":[1]},"o":{"x":[0.333],"y":[0]},"t":0,"s":[481]},{"i":{"x":[0.833],"y":[1]},"o":{"x":[0.333],"y":[0]},"t":12,"s":[461]},{"i":{"x":[0.667],"y":[1]},"o":{"x":[0.167],"y":[0]},"t":18,"s":[446]},{"i":{"x":[0.667],"y":[1]},"o":{"x":[0.333],"y":[0]},"t":22.8,"s":[461]},{"t":30,"s":[481]}],"ix":10},"p":{"a":1,"k":[{"i":{"x":0.667,"y":1},"o":{"x":0.333,"y":0},"t":0,"s":[-23.5,16.5,0],"to":[0,0,0],"ti":[0,0,0]},{"i":{"x":0.667,"y":0.667},"o":{"x":0.333,"y":0.333},"t":12,"s":[1.5,33.5,0],"to":[0,0,0],"ti":[0,0,0]},{"i":{"x":0.667,"y":1},"o":{"x":0.333,"y":0},"t":22.8,"s":[1.5,33.5,0],"to":[0,0,0],"ti":[0,0,0]},{"t":30,"s":[-23.5,16.5,0]}],"ix":2,"l":2},"a":{"a":0,"k":[29.5,18,0],"ix":1,"l":2},"s":{"a":0,"k":[-100,-100,100],"ix":6,"l":2}},"ao":0,"w":59,"h":36,"ip":0,"op":2250,"st":0,"ct":1,"bm":0},{"ddd":0,"ind":10,"ty":0,"nm":"icon_","parent":1,"refId":"comp_2","sr":1,"ks":{"o":{"a":0,"k":100,"ix":11},"r":{"a":1,"k":[{"i":{"x":[0.209],"y":[1.355]},"o":{"x":[0.333],"y":[0]},"t":27,"s":[9]},{"i":{"x":[0.833],"y":[1]},"o":{"x":[0.333],"y":[0]},"t":51.034,"s":[34]},{"i":{"x":[0.592],"y":[1]},"o":{"x":[0.636],"y":[0]},"t":75.069,"s":[27]},{"i":{"x":[0.833],"y":[1]},"o":{"x":[1],"y":[0]},"t":109,"s":[34]},{"t":131,"s":[11]}],"ix":10},"p":{"a":1,"k":[{"i":{"x":0.209,"y":1},"o":{"x":0.333,"y":0},"t":27,"s":[-75,19,0],"to":[0,0,0],"ti":[0,0,0]},{"i":{"x":0.677,"y":1},"o":{"x":0.791,"y":0},"t":51.034,"s":[85,18,0],"to":[0,0,0],"ti":[0,0,0]},{"i":{"x":0.592,"y":1},"o":{"x":0.802,"y":0},"t":75.069,"s":[116,18,0],"to":[0,0,0],"ti":[0,0,0]},{"i":{"x":0.592,"y":1},"o":{"x":1,"y":0},"t":109,"s":[85,18,0],"to":[0,0,0],"ti":[0,0,0]},{"t":131,"s":[-75,47,0]}],"ix":2,"l":2},"a":{"a":0,"k":[383.5,359.5,0],"ix":1,"l":2},"s":{"a":1,"k":[{"i":{"x":[0.106,0.106,0.667],"y":[1,1,1]},"o":{"x":[0.336,0.336,0.333],"y":[0,0,0]},"t":27,"s":[35,35,100]},{"i":{"x":[0.677,0.677,0.667],"y":[1,1,1]},"o":{"x":[0.791,0.791,0.333],"y":[0,0,0]},"t":51.034,"s":[30,30,100]},{"i":{"x":[0.592,0.592,0.667],"y":[1,1,1]},"o":{"x":[0.802,0.802,0.333],"y":[0,0,0]},"t":75.069,"s":[32,32,100]},{"t":109,"s":[30,30,100]}],"ix":6,"l":2}},"ao":0,"w":767,"h":719,"ip":27,"op":2277,"st":27,"ct":1,"bm":0}],"markers":[],"props":{}}